,현재가,거래량,체결시간,시가,고가,저가,대업종구분,소업종구분,종목정보,전일종가
0,+31830,385,20231024151500,+31844,+31844,+31814,,,,
1,+31844,3609,20231024150000,+31781,+31847,+31768,,,,
2,+31792,3146,20231024144500,+31804,+31826,+31755,,,,
3,+31803,3192,20231024143000,+31772,+31843,+31772,,,,
4,+31773,3643,20231024141500,+31803,+31810,+31727,,,,
5,+31802,3429,20231024140000,+31686,+31804,+31670,,,,
6,+31672,2639,20231024134500,+31587,+31694,+31582,,,,
7,+31589,2656,20231024133000,-31524,+31631,-31520,,,,
8,-31524,2579,20231024131500,-31477,+31562,-31472,,,,
9,-31474,2122,20231024130000,+31498,+31523,+31433,,,,
10,-31480,1811,20231024124500,+31503,+31528,+31465,,,,
11,-31506,1356,20231024123000,-31438,+31508,-31435,,,,
12,-31451,1912,20231024121500,+31454,+31521,+31437,,,,
13,-31460,1524,20231024120000,+31532,+31551,+31457,,,,
14,-31532,1825,20231024114500,+31595,+31615,+31517,,,,
15,+31595,2520,20231024113000,+31574,+31627,-31527,,,,
16,+31557,3560,20231024111500,-31363,+31584,-31358,,,,
17,-31362,2658,20231024110000,+31269,+31375,+31261,,,,
18,-31285,3267,20231024104500,+31224,+31287,+31198,,,,
19,-31211,4849,20231024103000,+31286,+31304,+31177,,,,
20,-31284,5597,20231024101500,+31471,+31496,+31272,,,,
21,-31470,3827,20231024100000,+31530,+31545,+31466,,,,
22,-31528,4760,20231024094500,+31556,+31591,-31495,,,,
23,+31555,4636,20231024093000,+31628,+31653,-31527,,,,
24,+31621,5901,20231024091500,+31670,+31695,+31551,,,,
25,+31669,10344,20231024090000,+31734,+31774,+31626,,,,
26,-31550,9133,20231023153000,+31544,+31550,+31541,,,,
27,-31544,1620,20231023151500,+31558,+31569,+31534,,,,
28,-31560,4135,20231023150000,+31531,+31584,+31509,,,,
29,-31542,3321,20231023144500,+31543,+31572,+31513,,,,
30,-31542,3049,20231023143000,+31567,+31569,+31520,,,,
31,-31565,3511,20231023141500,+31557,+31577,+31520,,,,
32,-31556,2321,20231023140000,+31537,+31589,+31536,,,,
33,-31544,2390,20231023134500,+31564,+31568,+31533,,,,
34,-31548,2824,20231023133000,+31610,+31627,+31545,,,,
35,-31610,2280,20231023131500,+31671,+31676,+31605,,,,
36,-31669,2089,20231023130000,+31587,+31675,+31583,,,,
37,-31601,1718,20231023124500,+31610,+31637,+31581,,,,
38,-31612,1634,20231023123000,+31615,+31633,+31590,,,,
39,-31615,1611,20231023121500,+31614,+31633,+31589,,,,
40,-31613,1934,20231023120000,+31602,+31632,+31572,,,,
41,-31604,1872,20231023114500,+31613,+31634,+31586,,,,
42,-31624,2233,20231023113000,+31643,+31675,+31608,,,,
43,-31642,2379,20231023111500,+31673,+31677,+31624,,,,
44,-31673,3036,20231023110000,+31732,+31739,+31655,,,,
45,-31719,2386,20231023104500,+31730,+31760,+31700,,,,
46,-31731,2523,20231023103000,+31763,+31784,+31714,,,,
47,-31763,2761,20231023101500,-31716,+31796,-31700,,,,
48,-31717,3262,20231023100000,+31767,+31793,+31714,,,,
49,-31765,3692,20231023094500,+31742,+31795,-31718,,,,
50,-31726,3855,20231023093000,-31645,+31794,-31626,,,,
51,-31644,5735,20231023091500,+31827,+31828,+31600,,,,
52,+31829,11858,20231023090000,-31743,+31830,-31638,,,,
53,-31796,13092,20231020153000,+31790,+31800,+31780,,,,
54,-31790,2042,20231020151500,+31819,+31834,+31777,,,,
55,-31814,4827,20231020150000,+31799,+31843,+31773,,,,
56,-31794,4596,20231020144500,+31864,+31902,+31771,,,,
57,-31864,3938,20231020143000,+31949,+31953,+31856,,,,
58,-31947,3194,20231020141500,+31920,+31954,+31904,,,,
59,-31902,3169,20231020140000,+31966,+31971,+31901,,,,
60,-31953,3607,20231020134500,+31948,+31993,+31930,,,,
61,-31947,3452,20231020133000,+31914,+31987,+31914,,,,
62,-31931,2271,20231020131500,+31899,+31933,+31875,,,,
63,-31898,2712,20231020130000,+31885,+31939,+31869,,,,
64,-31882,1981,20231020124500,+31846,+31924,+31841,,,,
65,-31844,2456,20231020123000,+31856,+31877,+31821,,,,
66,-31856,1797,20231020121500,+31869,+31887,+31838,,,,
67,-31884,2361,20231020120000,+31839,+31889,+31831,,,,
68,-31842,3021,20231020114500,+31751,+31861,+31731,,,,
69,-31752,2280,20231020113000,+31713,+31760,+31694,,,,
70,-31713,2693,20231020111500,+31735,+31742,+31691,,,,
71,-31721,2745,20231020110000,+31716,+31766,+31705,,,,
72,-31715,3061,20231020104500,+31742,+31762,+31702,,,,
73,-31742,3196,20231020103000,+31740,+31756,+31691,,,,
74,-31727,4080,20231020101500,+31648,+31743,+31628,,,,
75,-31649,5027,20231020100000,+31692,+31767,+31646,,,,
76,-31689,4945,20231020094500,+31700,+31702,+31647,,,,
77,-31699,5924,20231020093000,+31796,+31799,+31683,,,,
78,-31776,8294,20231020091500,+31824,+31859,+31744,,,,
79,-31836,11953,20231020090000,+31945,+32018,+31822,,,,
80,-32276,13221,20231019153000,+32287,+32287,+32275,,,,
81,-32287,2182,20231019151500,+32272,+32306,+32268,,,,
82,-32288,4694,20231019150000,+32295,+32302,+32255,,,,
83,-32296,3987,20231019144500,+32275,+32304,+32265,,,,
84,-32272,3521,20231019143000,+32304,+32318,+32271,,,,
85,-32288,3365,20231019141500,+32321,+32337,+32285,,,,
86,-32319,2682,20231019140000,+32322,+32336,+32299,,,,
87,-32318,3391,20231019134500,+32298,+32329,+32263,,,,
88,-32297,2857,20231019133000,+32307,+32336,+32293,,,,
89,-32306,3244,20231019131500,+32332,+32340,+32297,,,,
90,-32334,2066,20231019130000,+32323,+32342,+32297,,,,
91,-32321,2438,20231019124500,+32311,+32333,+32278,,,,
92,-32311,2132,20231019123000,+32273,+32316,+32258,,,,
93,-32259,3112,20231019121500,+32291,+32313,+32240,,,,
94,-32289,2840,20231019120000,+32307,+32346,+32286,,,,
95,-32320,2974,20231019114500,+32331,+32360,+32299,,,,
96,-32329,2750,20231019113000,+32355,+32360,+32311,,,,
97,-32335,2898,20231019111500,+32389,+32394,+32335,,,,
98,-32388,3159,20231019110000,+32368,+32418,+32361,,,,
99,-32370,3551,20231019104500,+32396,+32419,+32351,,,,
100,-32399,4103,20231019103000,+32481,+32508,+32383,,,,
101,-32467,3060,20231019101500,+32428,+32493,+32425,,,,
102,-32445,4637,20231019100000,+32462,+32467,+32383,,,,
103,-32461,4597,20231019094500,+32420,+32483,+32386,,,,
104,-32426,5158,20231019093000,+32371,+32428,+32345,,,,
105,-32369,8394,20231019091500,+32350,+32417,+32328,,,,
106,-32348,14701,20231019090000,+32475,+32484,+32342,,,,
107,+32882,20327,20231018153000,+32879,+32882,+32868,,,,
108,+32879,2249,20231018151500,+32883,+32897,+32857,,,,
109,+32885,6180,20231018150000,+32869,+32906,+32843,,,,
110,+32881,5755,20231018144500,+32821,+32885,+32819,,,,
111,+32836,5982,20231018143000,+32804,+32860,+32804,,,,
112,+32822,4471,20231018141500,+32806,+32843,+32804,,,,
113,+32807,3546,20231018140000,+32856,+32857,+32803,,,,
114,+32858,3692,20231018134500,+32878,+32888,+32838,,,,
115,+32880,4388,20231018133000,+32846,+32892,+32833,,,,
116,+32833,4820,20231018131500,+32863,+32881,+32827,,,,
117,+32859,2647,20231018130000,+32877,+32889,+32844,,,,
118,+32866,2674,20231018124500,+32858,+32882,+32837,,,,
119,+32858,3454,20231018123000,+32870,+32872,+32836,,,,
120,+32857,3738,20231018121500,+32873,+32889,+32842,,,,
121,+32871,2562,20231018120000,+32865,+32901,+32851,,,,
122,+32850,2467,20231018114500,+32798,+32876,+32793,,,,
123,+32812,2370,20231018113000,+32842,+32869,+32797,,,,
124,+32856,2804,20231018111500,+32798,+32861,+32795,,,,
125,+32813,2900,20231018110000,+32766,+32866,+32766,,,,
126,+32782,2977,20231018104500,+32767,+32823,+32760,,,,
127,+32782,3810,20231018103000,+32817,+32842,+32762,,,,
128,+32822,3376,20231018101500,+32744,+32822,-32734,,,,
129,+32742,3982,20231018100000,+32739,+32762,-32700,,,,
130,+32741,6128,20231018094500,+32798,+32829,-32724,,,,
131,+32797,6128,20231018093000,+32737,+32805,-32715,,,,
132,-32719,7570,20231018091500,-32672,+32770,-32643,,,,
133,-32671,13133,20231018090000,+32632,+32770,+32612,,,,
134,+32735,6633,20231017153000,+32763,+32763,+32735,,,,
135,+32763,1733,20231017151500,+32767,+32792,+32749,,,,
136,+32770,4971,20231017150000,+32764,+32826,+32755,,,,
137,+32763,3363,20231017144500,+32783,+32811,+32747,,,,
138,+32786,3250,20231017143000,+32727,+32799,+32714,,,,
139,+32720,2717,20231017141500,+32736,+32784,+32719,,,,
140,+32736,2443,20231017140000,+32739,+32757,+32698,,,,
141,+32740,2501,20231017134500,+32755,+32784,+32715,,,,
142,+32768,2469,20231017133000,+32779,+32797,+32750,,,,
143,+32784,2939,20231017131500,+32758,+32809,+32735,,,,
144,+32756,2116,20231017130000,+32749,+32776,+32725,,,,
145,+32746,2944,20231017124500,+32753,+32765,+32691,,,,
146,+32735,2211,20231017123000,+32798,+32809,+32728,,,,
147,+32788,2931,20231017121500,+32718,+32801,+32695,,,,
148,+32705,3993,20231017120000,+32639,+32723,+32626,,,,
149,+32634,2103,20231017114500,+32642,+32663,+32616,,,,
150,+32639,1922,20231017113000,+32615,+32648,+32597,,,,
151,+32615,1646,20231017111500,+32609,+32627,+32581,,,,
152,+32596,2102,20231017110000,+32621,+32672,+32590,,,,
153,+32633,2319,20231017104500,+32547,+32646,+32528,,,,
154,+32545,3117,20231017103000,+32533,+32561,+32501,,,,
155,+32530,3163,20231017101500,+32576,+32598,+32515,,,,
156,+32591,2997,20231017100000,+32587,+32591,+32533,,,,
157,+32585,3849,20231017094500,+32556,+32585,+32506,,,,
158,+32556,3863,20231017093000,+32588,+32615,+32510,,,,
159,+32604,5122,20231017091500,+32570,+32631,+32558,,,,
160,+32572,9044,20231017090000,+32570,+32626,+32527,,,,
161,-32329,9563,20231016153000,+32354,+32358,+32329,,,,
162,-32354,1503,20231016151500,+32349,+32370,+32331,,,,
163,-32352,4348,20231016150000,+32283,+32373,+32272,,,,
164,-32285,3711,20231016144500,+32256,+32297,+32209,,,,
165,-32255,4274,20231016143000,+32274,+32279,+32219,,,,
166,-32273,3309,20231016141500,+32233,+32279,+32211,,,,
167,-32247,3250,20231016140000,+32211,+32258,+32191,,,,
168,-32195,2287,20231016134500,+32155,+32217,+32146,,,,
169,-32172,2099,20231016133000,+32181,+32202,+32147,,,,
170,-32167,1955,20231016131500,+32144,+32184,+32132,,,,
171,-32157,2194,20231016130000,+32175,+32199,+32141,,,,
172,-32182,1710,20231016124500,+32167,+32184,+32142,,,,
173,-32166,1675,20231016123000,+32156,+32175,+32134,,,,
174,-32154,2313,20231016121500,+32174,+32196,+32132,,,,
175,-32189,2824,20231016120000,+32238,+32248,+32170,,,,
176,-32236,1836,20231016114500,+32265,+32268,+32223,,,,
177,-32265,1893,20231016113000,+32276,+32299,+32250,,,,
178,-32277,1933,20231016111500,+32265,+32305,+32257,,,,
179,-32278,3218,20231016110000,+32292,+32315,+32219,,,,
180,-32292,2392,20231016104500,+32366,+32366,+32292,,,,
181,-32365,2736,20231016103000,+32394,+32424,+32316,,,,
182,-32395,3620,20231016101500,+32435,+32448,+32364,,,,
183,-32448,3167,20231016100000,+32381,+32476,+32381,,,,
184,-32401,3413,20231016094500,+32393,+32410,+32350,,,,
185,-32380,4077,20231016093000,+32500,+32522,+32375,,,,
186,-32498,6125,20231016091500,+32559,+32559,-32411,,,,
187,-32561,11672,20231016090000,-32410,+32600,-32393,,,,
188,-32577,5253,20231013153000,+32593,+32595,+32577,,,,
189,-32593,1623,20231013151500,+32600,+32610,+32573,,,,
190,-32593,3249,20231013150000,+32602,+32613,+32570,,,,
191,-32607,2787,20231013144500,+32580,+32616,+32572,,,,
192,-32597,3003,20231013143000,+32606,+32617,+32572,,,,
193,-32591,2793,20231013141500,+32583,+32612,+32562,,,,
194,-32582,2742,20231013140000,+32572,+32588,+32547,,,,
195,-32574,2664,20231013134500,+32596,+32610,+32550,,,,
196,-32610,2216,20231013133000,+32609,+32631,+32583,,,,
197,-32611,2609,20231013131500,+32606,+32630,+32585,,,,
198,-32605,1976,20231013130000,+32617,+32646,+32586,,,,
199,-32634,2431,20231013124500,+32603,+32642,+32579,,,,
200,-32588,2734,20231013123000,+32610,+32632,+32560,,,,
201,-32624,2226,20231013121500,+32655,+32660,+32606,,,,
202,-32653,1857,20231013120000,+32656,+32675,+32631,,,,
203,-32657,2282,20231013114500,+32666,+32675,+32639,,,,
204,-32651,2372,20231013113000,+32660,+32677,+32638,,,,
205,-32674,2579,20231013111500,+32672,+32692,+32651,,,,
206,-32675,2611,20231013110000,+32639,+32701,+32629,,,,
207,-32655,3457,20231013104500,+32635,+32674,+32616,,,,
208,-32636,3323,20231013103000,+32658,+32669,+32591,,,,
209,-32658,3278,20231013101500,+32647,+32699,+32606,,,,
210,-32661,3239,20231013100000,+32656,+32696,+32624,,,,
211,-32657,4491,20231013094500,+32636,+32679,+32604,,,,
212,-32633,5326,20231013093000,+32640,+32685,+32573,,,,
213,-32642,6709,20231013091500,+32705,+32733,+32586,,,,
214,-32693,11945,20231013090000,+32611,+32720,+32543,,,,
215,+32885,19027,20231012153000,+32848,+32885,+32844,,,,
216,+32848,1759,20231012151500,+32825,+32874,+32825,,,,
217,+32844,4145,20231012150000,+32749,+32859,+32720,,,,
218,+32742,3437,20231012144500,+32764,+32772,+32698,,,,
219,+32764,3840,20231012143000,+32734,+32784,+32706,,,,
220,+32723,2649,20231012141500,+32744,+32747,+32698,,,,
221,+32730,2398,20231012140000,+32738,+32760,+32718,,,,
222,+32755,2304,20231012134500,+32756,+32768,+32731,,,,
223,+32755,2722,20231012133000,+32747,+32781,+32724,,,,
224,+32764,2584,20231012131500,+32776,+32802,+32741,,,,
225,+32792,2640,20231012130000,+32771,+32803,+32752,,,,
226,+32768,2065,20231012124500,+32760,+32803,+32748,,,,
227,+32763,2022,20231012123000,+32747,+32781,+32736,,,,
228,+32746,1953,20231012121500,+32725,+32761,+32711,,,,
229,+32725,1777,20231012120000,+32735,+32761,+32708,,,,
230,+32735,2285,20231012114500,+32751,+32764,+32701,,,,
231,+32751,2710,20231012113000,+32809,+32820,+32734,,,,
232,+32792,2515,20231012111500,+32764,+32819,+32741,,,,
233,+32747,2899,20231012110000,+32800,+32812,+32747,,,,
234,+32801,3214,20231012104500,+32801,+32839,+32778,,,,
235,+32816,3022,20231012103000,+32790,+32833,+32773,,,,
236,+32772,3301,20231012101500,+32774,+32812,+32756,,,,
237,+32775,5221,20231012100000,+32855,+32858,+32741,,,,
238,+32842,4232,20231012094500,+32789,+32860,+32784,,,,
239,+32788,5670,20231012093000,+32781,+32820,+32753,,,,
240,+32764,6847,20231012091500,+32722,+32818,+32722,,,,
241,+32724,11582,20231012090000,+32689,+32834,+32689,,,,
242,+32474,15101,20231011153000,+32479,+32479,+32458,,,,
243,+32479,1751,20231011151500,+32466,+32498,+32454,,,,
244,+32467,5162,20231011150000,+32573,+32579,+32421,,,,
245,+32554,3453,20231011144500,+32566,+32611,+32551,,,,
246,+32568,3405,20231011143000,+32613,+32644,+32554,,,,
247,+32618,3981,20231011141500,+32570,+32643,+32568,,,,
248,+32585,3135,20231011140000,+32568,+32596,+32541,,,,
249,+32556,3522,20231011134500,+32594,+32613,+32537,,,,
250,+32579,4284,20231011133000,+32630,+32636,+32556,,,,
251,+32630,4915,20231011131500,+32666,+32691,+32587,,,,
252,+32681,3547,20231011130000,+32717,+32726,+32663,,,,
253,+32703,2396,20231011124500,+32686,+32719,+32679,,,,
254,+32700,2679,20231011123000,+32661,+32726,+32657,,,,
255,+32661,2267,20231011121500,+32632,+32679,+32614,,,,
256,+32618,2360,20231011120000,+32635,+32660,+32614,,,,
257,+32634,2523,20231011114500,+32641,+32670,+32620,,,,
258,+32642,2616,20231011113000,+32596,+32659,+32594,,,,
259,+32600,3312,20231011111500,+32576,+32616,+32570,,,,
260,+32577,2811,20231011110000,+32593,+32599,+32554,,,,
261,+32591,3190,20231011104500,+32572,+32614,+32549,,,,
262,+32572,3909,20231011103000,+32551,+32590,+32539,,,,
263,+32552,3965,20231011101500,+32539,+32589,+32516,,,,
264,+32540,4144,20231011100000,+32530,+32556,+32474,,,,
265,+32531,4864,20231011094500,+32543,+32595,+32522,,,,
266,+32557,4422,20231011093000,+32511,+32579,+32506,,,,
267,+32514,6887,20231011091500,+32496,+32539,+32417,,,,
268,+32506,14511,20231011090000,+32396,+32550,+32395,,,,
269,+31911,9500,20231010153000,+31936,+31936,+31906,,,,
270,+31936,3103,20231010151500,+31958,+31974,+31911,,,,
271,+31968,5251,20231010150000,+31989,+32007,+31950,,,,
272,+31971,4319,20231010144500,+32056,+32056,+31958,,,,
273,+32041,4745,20231010143000,+31935,+32064,+31930,,,,
274,+31935,5022,20231010141500,+31966,+31980,+31923,,,,
275,+31965,3641,20231010140000,+32062,+32067,+31963,,,,
276,+32061,2898,20231010134500,+32069,+32075,+32029,,,,
277,+32069,2940,20231010133000,+32077,+32090,+32034,,,,
278,+32059,4484,20231010131500,+32076,+32080,+31997,,,,
279,+32075,3452,20231010130000,+32114,+32116,+32051,,,,
280,+32101,3256,20231010124500,+32164,+32170,+32092,,,,
281,+32148,2383,20231010123000,+32192,+32201,+32146,,,,
282,+32195,2407,20231010121500,+32223,+32234,+32174,,,,
283,+32223,2024,20231010120000,+32244,+32265,+32207,,,,
284,+32244,1868,20231010114500,+32305,+32306,+32238,,,,
285,+32304,1938,20231010113000,+32266,+32308,+32264,,,,
286,+32278,2250,20231010111500,+32303,+32317,+32258,,,,
287,+32304,3659,20231010110000,+32296,+32359,+32282,,,,
288,+32292,3105,20231010104500,+32349,+32349,+32257,,,,
289,+32349,3259,20231010103000,+32355,+32386,+32328,,,,
290,+32341,4135,20231010101500,+32326,+32359,+32298,,,,
291,+32326,4871,20231010100000,+32352,+32373,+32283,,,,
292,+32355,6651,20231010094500,+32453,+32459,+32339,,,,
293,+32435,6626,20231010093000,+32455,+32483,+32418,,,,
294,+32458,8999,20231010091500,+32379,+32485,+32361,,,,
295,+32362,22031,20231010090000,+32297,+32386,+32260,,,,
296,+31894,5870,20231006153000,+31915,+31915,+31893,,,,
297,+31915,1458,20231006151500,+31936,+31936,+31905,,,,
298,+31932,4241,20231006150000,+31871,+31939,-31853,,,,
299,+31870,3516,20231006144500,-31856,+31887,-31844,,,,
300,+31868,4260,20231006143000,+31921,+31942,-31850,,,,
301,+31940,3057,20231006141500,+31906,+31961,+31902,,,,
302,+31925,3029,20231006140000,+31933,+31964,+31906,,,,
303,+31932,2216,20231006134500,+31914,+31937,+31889,,,,
304,+31898,2337,20231006133000,+31923,+31944,+31888,,,,
305,+31924,2919,20231006131500,+31950,+31950,+31896,,,,
306,+31947,2468,20231006130000,+31930,+31960,+31916,,,,
307,+31941,1949,20231006124500,+31912,+31942,+31900,,,,
308,+31912,1749,20231006123000,+31925,+31937,+31896,,,,
309,+31926,1732,20231006121500,+31926,+31936,+31899,,,,
310,+31910,1957,20231006120000,+31949,+31980,+31899,,,,
311,+31967,1772,20231006114500,+31963,+31971,+31933,,,,
312,+31964,2827,20231006113000,+31908,+31968,+31886,,,,
313,+31909,2970,20231006111500,+31888,+31914,-31847,,,,
314,+31887,3196,20231006110000,+31947,+31954,+31884,,,,
315,+31946,3114,20231006104500,+31975,+31989,+31921,,,,
316,+31977,3321,20231006103000,+31946,+32000,+31920,,,,
317,+31960,3680,20231006101500,+31981,+31984,+31917,,,,
318,+31983,2475,20231006100000,+32002,+32027,+31972,,,,
319,+32003,3321,20231006094500,+31904,+32034,+31888,,,,
320,+31905,3920,20231006093000,+32006,+32008,+31888,,,,
321,+32007,4679,20231006091500,+31986,+32067,+31965,,,,
322,+31987,9506,20231006090000,+31927,+32056,+31891,,,,
323,-31858,9327,20231005153000,+31879,+31879,+31853,,,,
324,-31879,2181,20231005151500,+31882,+31895,+31856,,,,
325,-31888,5591,20231005150000,+31877,+31903,+31846,,,,
326,-31876,4860,20231005144500,+31928,+31950,+31875,,,,
327,31945,3818,20231005143000,+31973,+31992,-31926,,,,
328,+31971,3387,20231005141500,+32005,+32007,+31964,,,,
329,+32002,3961,20231005140000,+32028,+32048,+31978,,,,
330,+32043,3155,20231005134500,+32083,+32099,+32023,,,,
331,+32097,2736,20231005133000,+32092,+32113,+32069,,,,
332,+32106,2346,20231005131500,+32111,+32117,+32081,,,,
333,+32113,2270,20231005130000,+32107,+32117,+32079,,,,
334,+32108,2601,20231005124500,+32108,+32128,+32087,,,,
335,+32093,1711,20231005123000,+32118,+32136,+32090,,,,
336,+32102,1768,20231005121500,+32123,+32139,+32080,,,,
337,+32134,1879,20231005120000,+32106,+32137,+32079,,,,
338,+32089,1963,20231005114500,+32098,+32121,+32076,,,,
339,+32099,1809,20231005113000,+32095,+32108,+32068,,,,
340,+32094,1953,20231005111500,+32086,+32113,+32060,,,,
341,+32068,2609,20231005110000,+32126,+32135,+32044,,,,
342,+32112,3031,20231005104500,+32041,+32133,+32035,,,,
343,+32042,3752,20231005103000,+32032,+32077,+32005,,,,
344,+32030,4541,20231005101500,+32036,+32084,+32009,,,,
345,+32037,4037,20231005100000,+31958,+32043,-31941,,,,
346,-31944,4761,20231005094500,-31895,+31992,-31878,,,,
347,-31908,5113,20231005093000,+31894,+31956,+31884,,,,
348,-31891,6605,20231005091500,+32009,+32028,+31878,,,,
349,+31994,12758,20231005090000,+32146,+32171,+31993,,,,
350,-31945,13782,20231004153000,+31918,+31947,+31918,,,,
351,-31918,2945,20231004151500,+31922,+31939,+31896,,,,
352,-31921,5634,20231004150000,+31918,+31932,+31888,,,,
353,-31901,5952,20231004144500,+31920,+31936,+31888,,,,
354,-31922,4381,20231004143000,+31961,+31988,+31917,,,,
355,-31959,3799,20231004141500,+31998,+31998,+31935,,,,
356,-31999,3515,20231004140000,+32029,+32032,+31976,,,,
357,-32033,3574,20231004134500,+32018,+32035,+31988,,,,
358,-32018,4024,20231004133000,+31952,+32037,+31937,,,,
359,-31952,2938,20231004131500,+31940,+31975,+31934,,,,
360,-31937,3030,20231004130000,+31942,+31970,+31925,,,,
361,-31941,3300,20231004124500,+31938,+31965,+31923,,,,
362,-31949,3565,20231004123000,+32027,+32031,+31932,,,,
363,-32028,3028,20231004121500,+32047,+32075,+32008,,,,
364,-32052,3212,20231004120000,+32005,+32054,+31974,,,,
365,-32004,2997,20231004114500,+31984,+32006,+31944,,,,
366,-31996,3006,20231004113000,+31977,+32014,+31973,,,,
367,-31979,3471,20231004111500,+31989,+32001,+31954,,,,
368,-31986,3491,20231004110000,+31997,+32016,+31944,,,,
369,-31998,4378,20231004104500,+31948,+32007,+31925,,,,
370,-31962,4411,20231004103000,+31964,+31978,+31922,,,,
371,-31950,5006,20231004101500,+31969,+31988,+31922,,,,
372,-31979,5656,20231004100000,+31983,+32023,+31962,,,,
373,-31998,6961,20231004094500,+32045,+32058,+31957,,,,
374,-32042,7996,20231004093000,+32081,+32098,+32019,,,,
375,-32083,9981,20231004091500,+32095,+32158,+32064,,,,
376,-32078,25122,20231004090000,+32261,+32261,+32070,,,,
377,-32671,14046,20230927153000,+32743,+32743,+32671,,,,
378,+32743,1603,20230927151500,+32743,+32750,+32721,,,,
379,+32739,4054,20230927150000,-32659,+32749,-32641,,,,
380,-32643,3179,20230927144500,+32633,+32669,+32605,,,,
381,-32617,2796,20230927143000,+32614,+32655,+32609,,,,
382,-32612,2288,20230927141500,+32607,+32635,+32581,,,,
383,-32611,1951,20230927140000,+32580,+32611,+32572,,,,
384,-32598,2892,20230927134500,+32633,+32639,+32558,,,,
385,-32634,2031,20230927133000,+32584,+32637,-32566,,,,
386,-32582,1857,20230927131500,+32581,+32610,+32549,,,,
387,-32583,1742,20230927130000,+32560,+32604,+32560,,,,
388,-32581,1516,20230927124500,+32529,+32587,+32529,,,,
389,-32531,1894,20230927123000,+32550,+32570,+32510,,,,
390,-32550,1704,20230927121500,+32551,+32594,+32535,,,,
391,-32553,1819,20230927120000,+32565,+32586,+32515,,,,
392,-32565,1198,20230927114500,+32590,+32598,+32563,,,,
393,-32590,1758,20230927113000,+32580,+32613,+32551,,,,
394,-32585,1936,20230927111500,+32597,+32610,+32550,,,,
395,-32610,2010,20230927110000,+32646,+32650,+32579,,,,
396,-32642,2181,20230927104500,+32626,+32659,-32584,,,,
397,-32628,2478,20230927103000,+32671,+32704,+32605,,,,
398,-32685,2976,20230927101500,-32596,+32694,-32557,,,,
399,-32598,2653,20230927100000,+32519,+32619,+32519,,,,
400,-32521,2703,20230927094500,+32574,+32596,+32521,,,,
401,-32572,3257,20230927093000,+32546,+32619,+32539,,,,
402,-32544,4319,20230927091500,+32698,+32702,+32527,,,,
403,+32697,8762,20230927090000,-32505,+32702,-32473,,,,
404,-32690,7876,20230926153000,+32687,+32694,+32686,,,,
405,-32687,1684,20230926151500,+32695,+32714,+32668,,,,
406,-32694,3497,20230926150000,+32697,+32746,+32691,,,,
407,-32712,3263,20230926144500,+32761,+32762,+32684,,,,
408,-32762,2344,20230926143000,+32712,+32766,+32689,,,,
409,-32714,2462,20230926141500,+32710,+32732,+32685,,,,
410,-32708,2369,20230926140000,+32700,+32737,+32682,,,,
411,-32685,2411,20230926134500,+32718,+32735,+32674,,,,
412,-32721,2591,20230926133000,+32710,+32739,+32692,,,,
413,-32712,2163,20230926131500,+32723,+32733,+32692,,,,
414,-32701,2107,20230926130000,+32753,+32764,+32691,,,,
415,-32751,2087,20230926124500,+32730,+32755,+32700,,,,
416,-32714,2523,20230926123000,+32713,+32730,+32683,,,,
417,-32699,1846,20230926121500,+32720,+32747,+32695,,,,
418,-32718,1493,20230926120000,+32700,+32720,+32681,,,,
419,-32684,2091,20230926114500,+32706,+32710,+32668,,,,
420,-32697,2019,20230926113000,+32716,+32719,+32663,,,,
421,-32716,2381,20230926111500,+32710,+32719,+32678,,,,
422,-32698,2232,20230926110000,+32713,+32739,+32694,,,,
423,-32714,2924,20230926104500,+32729,+32751,+32687,,,,
424,-32715,3435,20230926103000,+32802,+32822,+32712,,,,
425,-32801,3033,20230926101500,+32756,+32815,+32743,,,,
426,-32758,2755,20230926100000,+32746,+32796,+32742,,,,
427,-32762,4106,20230926094500,+32816,+32826,+32729,,,,
428,-32816,6017,20230926093000,+32814,+32861,+32749,,,,
429,-32820,6868,20230926091500,+32962,+32967,+32793,,,,
430,-32966,11448,20230926090000,+33151,+33156,+32966,,,,
431,-33158,7627,20230925153000,+33151,+33158,+33150,,,,
432,-33151,1645,20230925151500,+33127,+33172,+33121,,,,
433,-33144,4971,20230925150000,+33140,+33154,-33084,,,,
434,-33127,3950,20230925144500,+33166,+33189,+33116,,,,
435,-33180,2338,20230925143000,+33212,+33220,-33156,,,,
436,33202,3316,20230925141500,-33161,+33248,-33159,,,,
437,-33161,2667,20230925140000,+33193,+33215,+33153,,,,
438,-33193,2112,20230925134500,+33191,+33232,-33175,,,,
439,-33190,2151,20230925133000,+33198,+33235,+33181,,,,
440,-33197,2061,20230925131500,-33189,+33218,-33170,,,,
441,-33190,1782,20230925130000,-33168,+33208,-33146,,,,
442,-33170,1600,20230925124500,+33213,+33221,+33148,,,,
443,-33198,2256,20230925123000,-33151,+33220,-33137,,,,
444,-33139,1620,20230925121500,+33113,+33154,+33098,,,,
445,-33110,1559,20230925120000,+33090,+33140,+33090,,,,
446,-33108,1479,20230925114500,+33101,+33120,+33072,,,,
447,-33101,2000,20230925113000,+33033,+33114,+33032,,,,
448,-33045,3139,20230925111500,+33066,+33084,+33010,,,,
449,-33067,2655,20230925110000,+33128,+33139,+33055,,,,
450,-33116,2911,20230925104500,+33184,+33201,+33107,,,,
451,-33189,2654,20230925103000,-33158,+33207,-33129,,,,
452,-33173,2638,20230925101500,+33205,+33228,+33155,,,,
453,+33219,2387,20230925100000,+33213,+33253,-33195,,,,
454,+33210,3474,20230925094500,-33128,+33250,-33121,,,,
455,-33128,5653,20230925093000,+33226,+33257,+33119,,,,
456,+33242,5548,20230925091500,-33101,+33265,-33078,,,,
457,-33099,8207,20230925090000,+33140,+33176,+33088,,,,
458,-33202,5464,20230922153000,+33201,+33215,+33199,,,,
459,-33201,1727,20230922151500,+33191,+33211,+33171,,,,
460,-33191,3598,20230922150000,+33202,+33216,+33172,,,,
461,-33201,2833,20230922144500,+33217,+33257,+33188,,,,
462,-33231,2857,20230922143000,+33195,+33234,+33171,,,,
463,-33199,2043,20230922141500,+33193,+33204,+33154,,,,
464,-33191,1932,20230922140000,+33175,+33209,+33166,,,,
465,-33173,2112,20230922134500,+33152,+33194,+33130,,,,
466,-33140,2272,20230922133000,+33207,+33212,+33131,,,,
467,-33194,2256,20230922131500,+33247,+33249,+33179,,,,
468,-33246,2687,20230922130000,+33190,+33259,-33166,,,,
469,-33175,1579,20230922124500,+33193,+33205,+33164,,,,
470,-33190,1709,20230922123000,+33173,+33213,+33156,,,,
471,-33184,1852,20230922121500,+33145,+33203,+33124,,,,
472,-33147,1959,20230922120000,+33139,+33159,+33099,,,,
473,-33145,1917,20230922114500,+33151,+33162,+33107,,,,
474,-33131,1839,20230922113000,+33150,+33177,+33124,,,,
475,-33161,2167,20230922111500,+33159,+33198,+33136,,,,
476,-33158,2136,20230922110000,+33155,+33194,+33132,,,,
477,-33155,2606,20230922104500,+33127,+33171,+33098,,,,
478,-33129,3584,20230922103000,+33055,+33146,+33035,,,,
479,-33055,2986,20230922101500,+33010,+33060,+32960,,,,
480,-33031,3660,20230922100000,+33035,+33040,+32966,,,,
481,-33035,4664,20230922094500,+33002,+33040,+32954,,,,
482,-33004,5568,20230922093000,+32954,+33046,+32911,,,,
483,-32954,7527,20230922091500,+32993,+33046,+32919,,,,
484,-33008,11494,20230922090000,+32990,+33085,+32959,,,,
485,-33304,6630,20230921153000,+33341,+33341,+33303,,,,
486,-33341,1795,20230921151500,+33333,+33342,+33309,,,,
487,-33315,4386,20230921150000,+33340,+33346,+33301,,,,
488,-33342,3832,20230921144500,+33347,+33369,+33321,,,,
489,-33345,3292,20230921143000,+33351,+33372,+33323,,,,
490,-33346,3187,20230921141500,+33351,+33380,+33329,,,,
491,-33365,2500,20230921140000,+33340,+33377,+33331,,,,
492,-33343,2644,20230921134500,+33376,+33393,+33338,,,,
493,-33391,2454,20230921133000,+33364,+33395,+33338,,,,
494,-33364,2849,20230921131500,+33329,+33387,+33311,,,,
495,-33315,3267,20230921130000,+33357,+33384,+33308,,,,
496,-33358,2062,20230921124500,+33369,+33394,+33352,,,,
497,-33369,2686,20230921123000,+33397,+33410,+33362,,,,
498,-33397,2603,20230921121500,+33407,+33430,+33379,,,,
499,-33403,2235,20230921120000,+33424,+33438,+33391,,,,
500,-33420,2272,20230921114500,+33423,+33443,+33400,,,,
501,-33426,2593,20230921113000,+33476,+33479,+33417,,,,
502,-33476,2104,20230921111500,+33489,+33513,+33452,,,,
503,-33507,2317,20230921110000,+33505,+33509,+33458,,,,
504,-33502,2854,20230921104500,+33511,+33549,+33470,,,,
505,-33498,3130,20230921103000,+33475,+33531,+33457,,,,
506,-33486,3622,20230921101500,+33541,+33543,+33468,,,,
507,-33528,3491,20230921100000,+33530,+33562,+33498,,,,
508,-33528,4480,20230921094500,+33513,+33562,+33485,,,,
509,-33494,6281,20230921093000,+33683,+33683,+33494,,,,
510,-33681,5830,20230921091500,+33724,+33754,+33667,,,,
511,-33727,10933,20230921090000,+33673,+33732,+33635,,,,
512,-33875,6882,20230920153000,+33885,+33891,+33873,,,,
513,+33885,1605,20230920151500,-33878,+33901,-33853,,,,
514,-33860,4274,20230920150000,-33809,+33883,-33807,,,,
515,-33821,3489,20230920144500,+33851,+33864,+33801,,,,
516,-33849,3519,20230920143000,-33768,+33864,-33765,,,,
517,-33783,2811,20230920141500,+33783,+33791,+33757,,,,
518,-33787,2856,20230920140000,+33784,+33804,+33762,,,,
519,-33797,2578,20230920134500,+33789,+33810,+33772,,,,
520,-33789,2787,20230920133000,+33809,+33822,+33780,,,,
521,-33822,2342,20230920131500,+33821,+33848,+33803,,,,
522,-33822,2136,20230920130000,+33818,+33849,+33803,,,,
523,-33818,2781,20230920124500,+33839,+33862,+33800,,,,
524,-33839,1959,20230920123000,+33860,+33886,+33832,,,,
525,-33861,1686,20230920121500,+33860,+33887,+33850,,,,
526,-33878,2067,20230920120000,-33833,+33882,-33823,,,,
527,-33820,1907,20230920114500,+33840,+33867,+33812,,,,
528,-33842,2032,20230920113000,+33833,+33858,+33813,,,,
529,-33830,3144,20230920111500,+33807,+33835,+33799,,,,
530,-33821,3145,20230920110000,+33829,+33856,+33795,,,,
531,-33829,4449,20230920104500,+33888,+33888,+33823,,,,
532,-33873,3739,20230920103000,+33877,+33901,-33848,,,,
533,-33875,5153,20230920101500,+33905,+33921,-33845,,,,
534,+33888,5628,20230920100000,+33900,+33926,-33872,,,,
535,+33903,5029,20230920094500,+33949,+33966,+33887,,,,
536,+33948,5820,20230920093000,+33920,+33987,+33909,,,,
537,+33920,6932,20230920091500,-33861,+33967,-33847,,,,
538,-33847,13596,20230920090000,+33854,+33961,+33840,,,,
539,-33882,6204,20230919153000,+33876,+33884,+33859,,,,
540,-33876,1534,20230919151500,+33856,+33884,+33848,,,,
541,-33870,3489,20230919150000,+33862,+33888,+33849,,,,
542,-33875,3527,20230919144500,+33839,+33877,+33821,,,,
543,-33839,2747,20230919143000,+33862,+33885,+33830,,,,
544,-33848,3016,20230919141500,+33878,+33908,+33826,,,,
545,-33875,2499,20230919140000,+33898,+33911,+33855,,,,
546,-33898,2682,20230919134500,+33908,+33914,+33874,,,,
547,-33909,3245,20230919133000,+33919,+33922,+33872,,,,
548,-33920,2419,20230919131500,+33939,+33946,+33897,,,,
549,-33924,2677,20230919130000,+33922,+33947,+33908,,,,
550,-33936,3731,20230919124500,+33975,+33978,+33913,,,,
551,-33973,1560,20230919123000,+33952,+33984,+33948,,,,
552,-33951,1616,20230919121500,+33949,+33974,+33932,,,,
553,-33964,1690,20230919120000,+33950,+33980,+33932,,,,
554,-33949,2249,20230919114500,+33943,+33950,+33895,,,,
555,-33942,2713,20230919113000,+33976,+33993,+33927,,,,
556,-33991,3567,20230919111500,+34014,+34045,+33968,,,,
557,-34016,2946,20230919110000,+34016,+34044,+34009,,,,
558,-34030,3477,20230919104500,+34022,+34049,+33999,,,,
559,-34008,3290,20230919103000,+33993,+34025,+33976,,,,
560,-33991,3040,20230919101500,+34034,+34045,+33983,,,,
561,-34036,3498,20230919100000,+34038,+34060,-33998,,,,
562,-34044,4242,20230919094500,+34105,+34106,+34023,,,,
563,+34103,5085,20230919093000,+34151,+34207,+34087,,,,
564,+34167,6316,20230919091500,+34112,+34179,+34090,,,,
565,+34110,12992,20230919090000,+34150,+34218,+34074,,,,
566,-34067,8992,20230918153000,+34093,+34093,+34051,,,,
567,-34093,1682,20230918151500,+34112,+34112,+34069,,,,
568,-34089,3836,20230918150000,+34091,+34138,+34084,,,,
569,-34107,3394,20230918144500,+34114,+34127,+34086,,,,
570,-34113,2517,20230918143000,+34088,+34130,+34082,,,,
571,-34091,2585,20230918141500,+34109,+34144,+34077,,,,
572,-34109,2629,20230918140000,+34121,+34159,+34097,,,,
573,-34142,2483,20230918134500,+34124,+34161,+34107,,,,
574,-34140,2236,20230918133000,+34149,+34173,+34113,,,,
575,-34160,2281,20230918131500,+34166,+34179,+34135,,,,
576,-34165,2197,20230918130000,+34142,+34167,+34125,,,,
577,-34142,1778,20230918124500,+34143,+34169,+34127,,,,
578,-34158,2117,20230918123000,+34132,+34177,+34125,,,,
579,-34143,2109,20230918121500,+34127,+34165,+34125,,,,
580,-34144,2493,20230918120000,+34157,+34168,+34103,,,,
581,-34156,1764,20230918114500,+34170,+34177,+34136,,,,
582,-34168,2780,20230918113000,+34194,+34210,+34146,,,,
583,-34208,2556,20230918111500,+34234,+34239,+34182,,,,
584,-34236,2673,20230918110000,+34218,+34251,+34197,,,,
585,-34216,2988,20230918104500,+34222,+34256,+34193,,,,
586,-34236,4231,20230918103000,+34257,+34258,+34186,,,,
587,-34257,4353,20230918101500,+34263,+34283,+34226,,,,
588,-34265,3560,20230918100000,+34250,+34312,+34237,,,,
589,-34255,4026,20230918094500,+34293,+34300,+34233,,,,
590,-34295,6247,20230918093000,+34276,+34325,+34235,,,,
591,-34276,7931,20230918091500,+34356,+34358,+34246,,,,
592,-34356,14074,20230918090000,+34298,+34439,+34247,,,,
593,+34498,29091,20230915153000,+34498,+34525,+34498,,,,
594,+34498,2475,20230915151500,+34498,+34518,+34475,,,,
595,+34491,5599,20230915150000,+34539,+34557,+34475,,,,
596,+34539,4495,20230915144500,+34553,+34559,+34514,,,,
597,+34556,4028,20230915143000,+34522,+34561,+34513,,,,
598,+34524,4364,20230915141500,+34537,+34557,+34493,,,,
599,+34550,4179,20230915140000,+34562,+34588,+34517,,,,
600,+34561,3853,20230915134500,+34592,+34629,+34561,,,,
601,+34592,4233,20230915133000,+34555,+34607,+34542,,,,
602,+34571,3755,20230915131500,+34529,+34576,+34517,,,,
603,+34531,2981,20230915130000,+34555,+34566,+34518,,,,
604,+34555,2644,20230915124500,+34561,+34564,+34523,,,,
605,+34546,2663,20230915123000,+34533,+34569,+34496,,,,
606,+34533,2633,20230915121500,+34542,+34583,+34530,,,,
607,+34551,3249,20230915120000,+34515,+34574,+34495,,,,
608,+34499,2932,20230915114500,+34526,+34537,+34488,,,,
609,+34522,3426,20230915113000,+34542,+34547,+34502,,,,
610,+34542,4682,20230915111500,+34461,+34551,+34443,,,,
611,+34461,6148,20230915110000,+34465,+34504,+34425,,,,
612,+34453,5945,20230915104500,+34382,+34467,+34367,,,,
613,+34381,6278,20230915103000,+34404,+34421,+34330,,,,
614,+34401,6321,20230915101500,+34391,+34443,+34373,,,,
615,+34391,5399,20230915100000,+34350,+34410,+34324,,,,
616,+34335,6432,20230915094500,+34295,+34375,+34281,,,,
617,+34295,9170,20230915093000,+34205,+34328,+34202,,,,
618,+34211,7880,20230915091500,+34209,+34238,+34148,,,,
619,+34209,14905,20230915090000,+34156,+34254,-34102,,,,
620,+34119,30175,20230914153000,+34013,+34119,+34013,,,,
621,+34013,2389,20230914151500,+33969,+34029,+33965,,,,
622,+33973,4478,20230914150000,+34002,+34018,+33961,,,,
623,+34002,4899,20230914144500,+34011,+34028,+33972,,,,
624,+34011,4080,20230914143000,+33979,+34020,+33958,,,,
625,+33997,3214,20230914141500,+33974,+34001,+33944,,,,
626,+33970,2913,20230914140000,+33968,+33989,+33933,,,,
627,+33957,2537,20230914134500,+33950,+33983,+33928,,,,
628,+33969,3299,20230914133000,+34003,+34015,+33941,,,,
629,+34003,3246,20230914131500,+33959,+34011,+33938,,,,
630,+33974,3006,20230914130000,+33888,+33980,+33884,,,,
631,+33891,2406,20230914124500,+33923,+33944,+33874,,,,
632,+33925,2576,20230914123000,+33908,+33965,+33896,,,,
633,+33906,2113,20230914121500,+33894,+33926,+33867,,,,
634,+33877,2116,20230914120000,+33843,+33893,+33841,,,,
635,+33837,1880,20230914114500,+33878,+33891,+33828,,,,
636,+33878,2276,20230914113000,+33862,+33895,+33846,,,,
637,+33867,2571,20230914111500,+33825,+33873,+33817,,,,
638,+33829,2602,20230914110000,+33881,+33892,+33824,,,,
639,+33888,3403,20230914104500,+33925,+33933,+33849,,,,
640,+33924,4696,20230914103000,+33826,+33928,+33826,,,,
641,+33843,2998,20230914101500,+33794,+33854,+33782,,,,
642,+33799,4147,20230914100000,+33781,+33841,+33759,,,,
643,+33768,3340,20230914094500,+33753,+33793,+33720,,,,
644,+33756,3946,20230914093000,+33754,+33777,+33720,,,,
645,+33752,6097,20230914091500,+33751,+33796,+33706,,,,
646,+33738,9974,20230914090000,+33734,+33781,+33664,,,,
647,+33599,7337,20230913153000,+33592,+33599,+33579,,,,
648,+33592,2172,20230913151500,+33597,+33600,+33561,,,,
649,+33582,4860,20230913150000,+33619,+33638,+33567,,,,
650,+33616,4350,20230913144500,+33587,+33623,-33549,,,,
651,+33591,3486,20230913143000,+33603,+33625,+33579,,,,
652,+33602,3094,20230913141500,+33629,+33631,+33581,,,,
653,+33616,2685,20230913140000,+33648,+33657,+33597,,,,
654,+33644,3039,20230913134500,-33541,+33649,-33531,,,,
655,+33557,2334,20230913133000,-33550,+33582,-33529,,,,
656,-33552,2653,20230913131500,-33528,+33597,-33509,,,,
657,-33510,2256,20230913130000,+33532,+33550,+33483,,,,
658,-33531,2670,20230913124500,+33529,+33564,-33494,,,,
659,-33530,2009,20230913123000,+33560,+33567,-33503,,,,
660,+33561,1914,20230913121500,+33573,+33582,-33529,,,,
661,+33574,1925,20230913120000,+33558,+33581,-33522,,,,
662,-33543,1859,20230913114500,+33553,+33576,-33528,,,,
663,-33553,2297,20230913113000,-33523,+33557,-33494,,,,
664,-33522,3757,20230913111500,+33520,+33548,-33467,,,,
665,-33505,4015,20230913110000,+33570,+33623,+33499,,,,
666,+33565,4182,20230913104500,+33588,+33589,-33521,,,,
667,+33574,4447,20230913103000,+33659,+33663,+33555,,,,
668,+33659,4187,20230913101500,+33671,+33702,+33625,,,,
669,+33673,5458,20230913100000,+33692,+33720,+33640,,,,
670,+33710,4685,20230913094500,+33721,+33760,+33680,,,,
671,+33700,5439,20230913093000,+33725,+33744,+33664,,,,
672,+33707,7141,20230913091500,+33706,+33729,+33633,,,,
673,+33706,12528,20230913090000,+33583,+33761,+33583,,,,
674,-33554,5992,20230912153000,+33584,+33584,+33554,,,,
675,-33584,1506,20230912151500,+33571,+33584,+33540,,,,
676,-33577,4501,20230912150000,+33598,+33599,+33528,,,,
677,-33590,3195,20230912144500,+33625,+33646,+33572,,,,
678,-33624,2451,20230912143000,+33665,+33670,+33615,,,,
679,-33663,2696,20230912141500,+33642,+33672,+33610,,,,
680,-33629,2752,20230912140000,+33598,+33651,+33586,,,,
681,-33601,3148,20230912134500,+33601,+33641,+33573,,,,
682,-33617,2442,20230912133000,+33611,+33647,+33589,,,,
683,-33612,2371,20230912131500,+33625,+33653,+33602,,,,
684,-33624,2618,20230912130000,+33641,+33653,+33595,,,,
685,-33636,1785,20230912124500,+33643,+33657,+33610,,,,
686,-33642,2457,20230912123000,+33606,+33653,+33582,,,,
687,-33588,2184,20230912121500,+33633,+33648,+33585,,,,
688,-33645,2604,20230912120000,+33644,+33649,+33606,,,,
689,-33645,2260,20230912114500,+33620,+33669,+33611,,,,
690,-33632,1885,20230912113000,+33619,+33638,+33586,,,,
691,-33617,2715,20230912111500,+33628,+33665,+33606,,,,
692,-33627,3198,20230912110000,+33598,+33639,+33570,,,,
693,-33597,3219,20230912104500,+33593,+33615,+33555,,,,
694,-33592,3404,20230912103000,+33643,+33647,+33556,,,,
695,-33627,3698,20230912101500,+33662,+33677,+33594,,,,
696,-33661,3643,20230912100000,+33694,+33708,+33618,,,,
697,-33680,4600,20230912094500,+33716,+33739,+33666,,,,
698,-33716,5223,20230912093000,+33751,+33769,+33697,,,,
699,-33751,6105,20230912091500,+33758,+33802,-33716,,,,
700,+33760,12024,20230912090000,+33851,+33881,-33745,,,,
701,+33758,7168,20230911153000,+33746,+33758,+33746,,,,
702,+33746,1843,20230911151500,+33723,+33746,+33707,,,,
703,+33739,4825,20230911150000,+33739,+33760,+33682,,,,
704,+33756,3999,20230911144500,+33706,+33760,+33701,,,,
705,+33706,4069,20230911143000,+33698,+33762,+33698,,,,
706,+33716,3608,20230911141500,+33695,+33725,+33678,,,,
707,+33694,3520,20230911140000,+33693,+33749,+33672,,,,
708,+33690,2762,20230911134500,+33688,+33731,+33675,,,,
709,+33688,2832,20230911133000,+33663,+33708,+33647,,,,
710,+33650,3026,20230911131500,33640,+33678,-33613,,,,
711,-33623,3145,20230911130000,33606,+33649,-33585,,,,
712,-33609,2856,20230911124500,+33617,+33621,-33560,,,,
713,-33617,2285,20230911123000,+33620,+33640,-33590,,,,
714,-33612,2211,20230911121500,+33646,+33660,+33607,,,,
715,+33646,2266,20230911120000,+33694,+33706,-33631,,,,
716,+33692,1929,20230911114500,+33688,+33709,+33658,,,,
717,+33688,2101,20230911113000,+33709,+33713,+33675,,,,
718,+33706,2763,20230911111500,+33698,+33724,+33657,,,,
719,+33699,3759,20230911110000,+33718,+33761,+33694,,,,
720,+33733,4265,20230911104500,-33618,+33737,-33618,,,,
721,-33621,3338,20230911103000,+33606,+33642,-33573,,,,
722,-33605,4323,20230911101500,+33635,+33681,+33601,,,,
723,+33648,5565,20230911100000,-33598,+33663,-33575,,,,
724,-33599,6324,20230911094500,+33654,+33655,+33563,,,,
725,+33656,7618,20230911093000,+33663,+33695,-33624,,,,
726,+33646,8455,20230911091500,-33539,+33665,-33533,,,,
727,-33550,11710,20230911090000,+33652,+33729,+33534,,,,
728,-33640,5526,20230908153000,+33624,+33640,+33621,,,,
729,-33624,1932,20230908151500,+33592,+33637,+33589,,,,
730,-33609,3729,20230908150000,+33554,+33626,-33537,,,,
731,-33536,2957,20230908144500,+33517,+33569,+33512,,,,
732,-33530,2980,20230908143000,+33486,+33537,+33464,,,,
733,-33468,2470,20230908141500,+33461,+33488,+33433,,,,
734,-33447,2785,20230908140000,+33408,+33477,+33401,,,,
735,-33420,2387,20230908134500,+33415,+33443,+33395,,,,
736,-33399,2375,20230908133000,+33440,+33457,+33392,,,,
737,-33440,2354,20230908131500,+33436,+33472,+33415,,,,
738,-33436,1931,20230908130000,+33478,+33484,+33418,,,,
739,-33463,1885,20230908124500,+33446,+33486,+33424,,,,
740,-33429,1574,20230908123000,+33450,+33467,+33426,,,,
741,-33462,1789,20230908121500,+33480,+33494,+33439,,,,
742,-33480,1369,20230908120000,+33502,+33518,+33461,,,,
743,-33512,1490,20230908114500,+33501,+33523,+33487,,,,
744,-33514,1977,20230908113000,+33530,+33550,+33496,,,,
745,-33531,2123,20230908111500,+33475,+33553,+33465,,,,
746,-33476,1968,20230908110000,+33514,+33523,+33473,,,,
747,-33500,2478,20230908104500,+33489,+33524,+33463,,,,
748,-33489,3187,20230908103000,+33513,+33521,+33461,,,,
749,-33497,3216,20230908101500,+33545,+33548,+33487,,,,
750,-33528,3620,20230908100000,+33542,+33552,+33489,,,,
751,-33524,3555,20230908094500,+33506,+33552,+33481,,,,
752,-33509,3784,20230908093000,+33521,+33552,+33489,,,,
753,-33521,5318,20230908091500,+33629,+33666,+33508,,,,
754,-33627,9074,20230908090000,+33629,+33640,-33536,,,,
755,-33674,9555,20230907153000,+33615,+33674,+33615,,,,
756,-33615,1486,20230907151500,+33584,+33618,+33564,,,,
757,-33567,3581,20230907150000,+33581,+33614,+33564,,,,
758,-33598,3306,20230907144500,+33568,+33608,+33545,,,,
759,-33569,2703,20230907143000,+33566,+33590,+33539,,,,
760,-33564,2315,20230907141500,+33595,+33617,+33559,,,,
761,-33596,2455,20230907140000,+33614,+33637,+33585,,,,
762,-33632,2426,20230907134500,+33626,+33652,+33598,,,,
763,-33625,2946,20230907133000,+33685,+33685,+33618,,,,
764,-33685,2666,20230907131500,+33686,+33706,+33654,,,,
765,-33685,2423,20230907130000,+33659,+33714,+33657,,,,
766,-33679,1971,20230907124500,+33665,+33694,+33634,,,,
767,-33666,2545,20230907123000,+33624,+33684,+33598,,,,
768,-33624,1776,20230907121500,+33599,+33650,+33578,,,,
769,-33597,1694,20230907120000,+33583,+33609,+33555,,,,
770,-33584,1681,20230907114500,+33588,+33594,+33557,,,,
771,-33588,1624,20230907113000,+33588,+33601,+33553,,,,
772,-33588,1764,20230907111500,+33559,+33592,+33542,,,,
773,-33559,2435,20230907110000,+33547,+33583,+33517,,,,
774,-33542,3094,20230907104500,+33523,+33556,+33508,,,,
775,-33526,2954,20230907103000,+33581,+33599,+33525,,,,
776,-33582,3374,20230907101500,+33614,+33632,+33572,,,,
777,-33616,3485,20230907100000,+33632,+33686,+33616,,,,
778,-33634,4375,20230907094500,+33645,+33673,+33618,,,,
779,-33661,5101,20230907093000,+33657,+33712,+33638,,,,
780,-33659,5009,20230907091500,+33700,+33773,+33648,,,,
781,-33714,9641,20230907090000,+33693,+33802,+33681,,,,
782,-33785,5049,20230906153000,+33780,+33785,+33779,,,,
783,-33780,1498,20230906151500,+33781,+33797,+33757,,,,
784,-33780,3811,20230906150000,+33779,+33806,+33761,,,,
785,-33777,4153,20230906144500,+33793,+33804,+33737,,,,
786,-33792,3472,20230906143000,+33797,+33837,+33770,,,,
787,-33794,2335,20230906141500,+33796,+33811,+33770,,,,
788,-33800,2461,20230906140000,+33807,+33824,+33772,,,,
789,-33818,2208,20230906134500,+33815,+33825,+33784,,,,
790,-33815,2280,20230906133000,+33808,+33836,+33782,,,,
791,-33823,3104,20230906131500,+33774,+33827,+33770,,,,
792,-33788,2271,20230906130000,+33790,+33805,+33762,,,,
793,-33791,1747,20230906124500,+33748,+33799,+33740,,,,
794,-33760,2041,20230906123000,+33785,+33795,+33736,,,,
795,-33787,2317,20230906121500,+33786,+33803,+33750,,,,
796,-33788,2547,20230906120000,+33847,+33851,+33763,,,,
797,-33836,2025,20230906114500,+33861,+33869,+33818,,,,
798,-33861,1821,20230906113000,+33862,+33872,+33832,,,,
799,-33848,2191,20230906111500,+33832,+33872,+33811,,,,
800,-33830,2993,20230906110000,+33840,+33849,+33804,,,,
801,-33840,3089,20230906104500,+33825,+33855,+33807,,,,
802,-33825,4338,20230906103000,+33908,+33912,+33806,,,,
803,-33892,4229,20230906101500,+33934,+33951,+33872,,,,
804,-33952,3899,20230906100000,+33975,+33987,+33927,,,,
805,-33975,4078,20230906094500,+33935,+33978,+33929,,,,
806,-33950,5803,20230906093000,+34021,+34048,+33932,,,,
807,-34015,5939,20230906091500,-33995,+34034,-33958,,,,
808,-33998,10007,20230906090000,-33966,+34016,-33937,,,,
809,-34029,5377,20230905153000,+34028,+34031,+34028,,,,
810,-34028,1203,20230905151500,+34013,+34032,+33986,,,,
811,-34012,2886,20230905150000,+34013,+34035,+33985,,,,
812,-34012,2942,20230905144500,+33985,+34033,+33964,,,,
813,-33969,2313,20230905143000,+33990,+34001,+33964,,,,
814,-33978,2391,20230905141500,+34013,+34031,+33967,,,,
815,-34014,2188,20230905140000,+34028,+34056,+33978,,,,
816,-34030,2300,20230905134500,+34046,+34070,+34003,,,,
817,-34043,1877,20230905133000,+34047,+34084,+34039,,,,
818,-34047,1977,20230905131500,+34043,+34076,+34017,,,,
819,-34040,1826,20230905130000,+34019,+34068,+34000,,,,
820,-34023,1706,20230905124500,+34036,+34059,+33999,,,,
821,-34039,1528,20230905123000,+34016,+34064,+33997,,,,
822,-34031,1466,20230905121500,+34011,+34046,+33990,,,,
823,-34011,1854,20230905120000,+34008,+34023,+33966,,,,
824,-34007,1744,20230905114500,+33979,+34020,+33959,,,,
825,-33980,1828,20230905113000,+33991,+33997,+33942,,,,
826,-33991,2156,20230905111500,+33958,+34017,+33947,,,,
827,-33958,2935,20230905110000,+33971,+33998,+33925,,,,
828,-33986,2673,20230905104500,+34021,+34025,+33943,,,,
829,-34006,2628,20230905103000,+33995,+34036,+33984,,,,
830,-34002,3451,20230905101500,+33995,+34019,+33969,,,,
831,-34010,4336,20230905100000,+33969,+34021,+33951,,,,
832,-33972,5934,20230905094500,+34004,+34005,+33949,,,,
833,-33990,5167,20230905093000,+34043,+34066,+33985,,,,
834,-34055,6356,20230905091500,+34012,+34098,+34009,,,,
835,-34023,9711,20230905090000,+34015,+34145,+33998,,,,
836,+34102,4615,20230904153000,+34025,+34102,+34025,,,,
837,+34025,1282,20230904151500,+34029,+34042,+34005,,,,
838,+34035,2990,20230904150000,+34043,+34055,+34006,,,,
839,+34030,3357,20230904144500,+34021,+34063,+33996,,,,
840,+34006,2619,20230904143000,+33982,+34024,+33970,,,,
841,+34000,3754,20230904141500,+33999,+34026,+33972,,,,
842,+34014,2349,20230904140000,+33947,+34015,+33941,,,,
843,+33959,2051,20230904134500,+33945,+33970,+33931,,,,
844,+33946,1971,20230904133000,+33944,+33991,+33929,,,,
845,+33942,2350,20230904131500,+33934,+33974,+33919,,,,
846,+33932,3321,20230904130000,+33922,+33978,+33908,,,,
847,+33939,3108,20230904124500,+33956,+33983,+33918,,,,
848,+33942,1916,20230904123000,+33928,+33966,+33912,,,,
849,+33926,1895,20230904121500,+33905,+33977,+33902,,,,
850,+33920,1679,20230904120000,+33914,+33929,+33878,,,,
851,+33919,1832,20230904114500,+33916,+33930,+33888,,,,
852,+33918,1721,20230904113000,+33916,+33951,+33895,,,,
853,+33900,2408,20230904111500,+33853,+33920,+33832,,,,
854,+33839,2252,20230904110000,+33839,+33868,-33802,,,,
855,+33836,2704,20230904104500,-33805,+33842,-33773,,,,
856,-33817,3327,20230904103000,+33866,+33871,-33760,,,,
857,+33847,4413,20230904101500,+33862,+33893,-33809,,,,
858,+33864,3750,20230904100000,+33892,+33935,+33858,,,,
859,+33906,5462,20230904094500,+33927,+33986,+33887,,,,
860,+33911,4903,20230904093000,+33926,+33990,+33911,,,,
861,+33940,8648,20230904091500,+33916,+33977,+33885,,,,
862,+33915,16018,20230904090000,+33910,+33966,+33868,,,,
863,+33828,7691,20230901153000,+33854,+33859,+33817,,,,
864,+33854,2034,20230901151500,+33819,+33854,+33810,,,,
865,+33818,4714,20230901150000,+33853,+33873,+33808,,,,
866,+33835,4714,20230901144500,+33870,+33891,+33833,,,,
867,+33868,4046,20230901143000,+33867,+33895,+33830,,,,
868,+33849,5280,20230901141500,+33795,+33889,+33784,,,,
869,+33812,5588,20230901140000,+33749,+33837,+33730,,,,
870,+33735,3262,20230901134500,+33742,+33768,+33728,,,,
871,+33745,2465,20230901133000,+33758,+33771,+33737,,,,
872,+33745,2515,20230901131500,+33722,+33766,+33715,,,,
873,+33737,2449,20230901130000,+33737,+33762,+33719,,,,
874,+33741,3171,20230901124500,+33709,+33751,+33682,,,,
875,+33707,2163,20230901123000,+33665,+33721,+33656,,,,
876,+33680,2595,20230901121500,+33627,+33686,+33617,,,,
877,+33643,1754,20230901120000,+33615,+33651,+33605,,,,
878,+33615,2292,20230901114500,+33657,+33665,+33605,,,,
879,+33660,2609,20230901113000,+33637,+33674,+33629,,,,
880,+33653,2447,20230901111500,+33630,+33677,+33626,,,,
881,+33630,3807,20230901110000,+33674,+33688,+33623,,,,
882,+33663,3899,20230901104500,+33615,+33683,+33613,,,,
883,+33615,4527,20230901103000,+33690,+33696,+33605,,,,
884,+33678,4939,20230901101500,+33720,+33726,+33671,,,,
885,+33700,5287,20230901100000,+33657,+33725,+33651,,,,
886,+33657,5374,20230901094500,+33736,+33746,+33653,,,,
887,+33735,7392,20230901093000,+33664,+33771,+33651,,,,
888,+33661,9749,20230901091500,+33548,+33681,+33511,,,,
889,+33546,13011,20230901090000,-33411,+33597,-33407,,,,
890,-33475,47711,20230831153000,-33449,+33475,-33449,,,,
891,-33449,2271,20230831151500,+33437,+33457,+33416,,,,
892,-33438,5518,20230831150000,+33391,+33441,+33385,,,,
893,-33393,4232,20230831144500,+33378,+33424,+33370,,,,
894,-33375,3631,20230831143000,+33390,+33426,+33365,,,,
895,-33376,3521,20230831141500,+33424,+33443,+33370,,,,
896,-33417,3737,20230831140000,+33392,+33444,+33377,,,,
897,-33406,3273,20230831134500,+33377,+33414,+33367,,,,
898,-33396,3065,20230831133000,+33368,+33402,+33358,,,,
899,-33371,2819,20230831131500,+33371,+33401,+33355,,,,
